<?xml version="1.0" encoding="UTF-8"?>
<Configuration status="WARN">
    <Appenders>
        <Console name="Console" target="SYSTEM_OUT">
            <PatternLayout pattern="%d{HH:mm:ss.SSS} [%t] %-5level %logger{36} - %msg%n"/>
        </Console>
        <File name="FileLog" fileName="logs/app.log" append="true">
            <PatternLayout pattern="%d{yyyy-MM-dd HH:mm:ss.SSS} [%t] %-5level %logger{36} - %msg%n"/>
        </File>
        <RollingFile name="RollingFile" fileName="logs/app-debug.log"
                     filePattern="logs/app-debug-%d{yyyy-MM-dd}-%i.log">
            <PatternLayout pattern="%d{yyyy-MM-dd HH:mm:ss.SSS} [%t] %-5level %logger{36} - %msg%n"/>
            <Policies>
                <SizeBasedTriggeringPolicy size="10 MB"/>
            </Policies>
            <DefaultRolloverStrategy max="10"/>
        </RollingFile>
    </Appenders>

    <Loggers>
        <Logger name="com.example" level="debug" additivity="false">
            <AppenderRef ref="Console"/>
            <AppenderRef ref="RollingFile"/>
        </Logger>

        <Root level="warn">
            <AppenderRef ref="Console"/>
            <AppenderRef ref="FileLog"/>
        </Root>
    </Loggers>
</Configuration>